Uni,GPA,Grad,Salary
Anderford,1.55,1997,381187.1763
Anderford,1.7,2011,285929.2548
Anderford,2.63,2019,203913.639
Anderford,3.09,2000,363390.0834
Anderford,2.06,2019,203913.639
Anderford,2.95,1991,414030.3678
Anderford,3.41,1990,419204.0471
Anderford,2.27,1995,392506.75
Anderford,2.58,2017,228448.7545
Anderford,2.84,2004,337827.2781
Anderford,2.13,2020,189776
Anderford,3.07,1999,369440
Anderford,3.34,2005,331045.7399
Anderford,3.83,2004,337827.2781
Anderford,2.12,1992,408777.6873
Anderford,1.24,2007,316924.5497
Anderford,1.13,2013,268626.0254
Anderford,1.74,1998,375370.0806
Anderford,3.79,2019,203913.639
Anderford,1.13,2006,324083.2655
Anderford,3.63,1991,414030.3678
Anderford,3.71,2004,337827.2781
Anderford,1.68,2001,357212.7583
Anderford,2.51,1992,408777.6873
Anderford,3.34,2008,309552
Anderford,2.22,2020,189776
Anderford,1.43,2015,249664
Anderford,1,1997,381187.1763
Anderford,1.32,2007,316924.5497
Anderford,3.16,2007,316924.5497
Anderford,1.44,2022,154694.4218
Anderford,2,1998,375370.0806
Anderford,1.13,2008,309552
Anderford,1.76,2001,357212.7583
Anderford,2.28,2012,277458.1175
Anderford,3.56,2014,259382.4845
Anderford,2.31,2003,344441.2932
Anderford,2.39,2015,249664
Anderford,1.45,2011,285929.2548
Anderford,1.35,2000,363390.0834
Anderford,3,2011,285929.2548
Anderford,3.27,2007,316924.5497
Anderford,2.91,2011,285929.2548
Anderford,3.74,2004,337827.2781
Anderford,2.12,2021,173729.0588
Anderford,1.44,2005,331045.7399
Anderford,2.47,2021,173729.0588
Anderford,2.24,1993,403442.2722
Anderford,2.7,2006,324083.2655
Anderford,2.92,1990,419204.0471
Anderford,1.4,2003,344441.2932
Anderford,1.85,1992,408777.6873
Anderford,3.2,2013,268626.0254
Anderford,3.9,2010,294080.3776
Anderford,2.83,2011,285929.2548
Anderford,1.13,2004,337827.2781
Anderford,1.45,2008,309552
Anderford,1.81,2006,324083.2655
Anderford,2.89,2006,324083.2655
Anderford,3.48,1996,386897.509
Anderford,1.16,2004,337827.2781
Anderford,1.06,2006,324083.2655
Anderford,3.78,2005,331045.7399
Anderford,1.14,2000,363390.0834
Anderford,2.83,2023,129888
Anderford,1.77,2011,285929.2548
Anderford,3.2,2020,189776
Anderford,1.31,2008,309552
Anderford,2.65,2012,277458.1175
Anderford,2.42,2000,363390.0834
Anderford,2.17,1995,392506.75
Anderford,3.3,2000,363390.0834
Anderford,1.77,2019,203913.639
Anderford,2.96,2010,294080.3776
Anderford,2.33,2018,216695.0417
Anderford,1.12,2017,228448.7545
Anderford,2.53,2021,173729.0588
Anderford,3.71,2015,249664
Anderford,1.05,2013,268626.0254
Anderford,2.59,2004,337827.2781
Anderford,1.5,2009,301945.2266
Anderford,1.34,1993,403442.2722
Anderford,3.02,2012,277458.1175
Anderford,2.54,1999,369440
Anderford,1.5,2003,344441.2932
Anderford,2.63,2014,259382.4845
Anderford,1.19,2020,189776
Anderford,3.38,2000,363390.0834
Anderford,2.81,1991,414030.3678
Anderford,2.34,1994,398020.0852
Anderford,1.77,2000,363390.0834
Anderford,1.97,1991,414030.3678
Anderford,1.94,1991,414030.3678
Anderford,1.01,2008,309552
Anderford,1.9,1997,381187.1763
Anderford,3.72,2012,277458.1175
Anderford,3.76,1997,381187.1763
Anderford,2.28,2018,216695.0417
Anderford,1.79,2006,324083.2655
Anderford,3.45,2021,173729.0588
Anderford,2.87,2016,239388.8436
Anderford,2.51,2018,216695.0417
Anderford,2.4,1993,403442.2722
Anderford,3.53,2017,228448.7545
Anderford,1.03,2021,173729.0588
Anderford,1.77,2008,309552
Anderford,1.38,2008,309552
Anderford,3.91,2019,203913.639
Anderford,1.37,2018,216695.0417
Anderford,3.64,2022,154694.4218
Anderford,2.31,2011,285929.2548
Anderford,2.98,1998,375370.0806
Anderford,1.04,2016,239388.8436
Anderford,2.48,2006,324083.2655
Anderford,1.08,1998,375370.0806
Anderford,2.62,2004,337827.2781
Anderford,3.89,2019,203913.639
Anderford,1.43,2017,228448.7545
Anderford,3.44,1997,381187.1763
Anderford,1.58,2004,337827.2781
Anderford,2.16,2004,337827.2781
Anderford,1.71,2010,294080.3776
Anderford,3.08,2023,129888
Anderford,1.2,2018,216695.0417
Anderford,2.05,2005,331045.7399
Anderford,2.78,1999,369440
Anderford,2.8,2021,173729.0588
Anderford,1.31,1995,392506.75
Anderford,3.79,1997,381187.1763
Anderford,2,2018,216695.0417
Anderford,1.73,2012,277458.1175
Anderford,3.18,2011,285929.2548
Anderford,1.86,2009,301945.2266
Anderford,1.53,1999,369440
Anderford,1.29,2005,331045.7399
Anderford,3.8,2002,350899.619
Anderford,2.05,2016,239388.8436
Anderford,2.43,2019,203913.639
Anderford,1.97,2014,259382.4845
Anderford,3.03,2016,239388.8436
Anderford,1.99,1995,392506.75
Anderford,3.54,2017,228448.7545
Anderford,1.59,2016,239388.8436
Anderford,1.22,1999,369440
Anderford,2.69,2018,216695.0417
Anderford,3.03,2001,357212.7583
Anderford,2,2022,154694.4218
Anderford,1.37,2002,350899.619
Anderford,1.71,2023,129888
Anderford,1.55,1999,369440
Anderford,2.24,2011,285929.2548
Anderford,3.56,1996,386897.509
Anderford,2.74,1995,392506.75
Anderford,3.29,2016,239388.8436
Anderford,3.91,2006,324083.2655
Anderford,1.12,2017,228448.7545
Anderford,1.65,1991,414030.3678
Anderford,2.88,2014,259382.4845
Anderford,3.27,2012,277458.1175
Anderford,3.39,2014,259382.4845
Anderford,2.56,2000,363390.0834
Anderford,3,2003,344441.2932
Anderford,1.14,2007,316924.5497
Anderford,1.38,2006,324083.2655
Anderford,4,2017,228448.7545
Anderford,1.83,2023,129888
Anderford,3.2,2018,216695.0417
Anderford,2.81,1990,419204.0471
Anderford,3.42,2000,363390.0834
Anderford,1.31,2005,331045.7399
Anderford,1.3,1993,403442.2722
Anderford,1.11,2010,294080.3776
Anderford,1.98,1994,398020.0852
Anderford,2.47,2001,357212.7583
Anderford,3.03,2006,324083.2655
Anderford,2.57,2017,228448.7545
Anderford,3.6,1994,398020.0852
Anderford,2.77,2021,173729.0588
Anderford,1.93,2012,277458.1175
Anderford,3.98,1996,386897.509
Anderford,2.77,1990,419204.0471
Anderford,2.23,2017,228448.7545
Anderford,1.57,2010,294080.3776
Anderford,1.02,2022,154694.4218
Anderford,2.89,1997,381187.1763
Anderford,2.2,2006,324083.2655
Anderford,2.47,2019,203913.639
Anderford,1.37,1990,419204.0471
Anderford,1,2008,309552
Anderford,2.34,2010,294080.3776
Anderford,1.83,1997,381187.1763
Anderford,1.36,1997,381187.1763
Anderford,2.69,1998,375370.0806
Anderford,1.44,2003,344441.2932
Anderford,3.61,2023,129888
Anderford,2.67,2003,344441.2932
Anderford,3.15,2008,309552
Anderford,1.17,1998,375370.0806
Anderford,2.67,2001,357212.7583
Anderford,1.72,1994,398020.0852
Anderford,2.31,2012,277458.1175
Anderford,1.5,1995,392506.75
Anderford,2.52,1996,386897.509
Anderford,2.49,2006,324083.2655
Anderford,3.32,2020,189776
Anderford,1.1,2021,173729.0588
Anderford,3.79,2023,129888
Anderford,2.21,2003,344441.2932
Anderford,1.57,2004,337827.2781
Anderford,2.01,2017,228448.7545
Anderford,2.65,2010,294080.3776
Anderford,3.83,2014,259382.4845
Anderford,3.88,2003,344441.2932
Anderford,2.24,2018,216695.0417
Anderford,2.55,1991,414030.3678
Anderford,3.26,1997,381187.1763
Anderford,2.05,2015,249664
Anderford,2.33,2016,239388.8436
Anderford,3.55,1991,414030.3678
Anderford,2.1,1995,392506.75
Anderford,2.89,2009,301945.2266
Anderford,2,1991,414030.3678
Anderford,1.35,2016,239388.8436
Anderford,3.43,1997,381187.1763
Anderford,2.17,1993,403442.2722
Anderford,1.87,2023,129888
Anderford,1.42,2012,277458.1175
Anderford,3.5,1996,386897.509
Anderford,1.59,2023,129888
Anderford,3.73,2015,249664
Anderford,3.57,1996,386897.509
Anderford,1.25,1990,419204.0471
Anderford,1.37,2002,350899.619
Anderford,2.63,1996,386897.509
Anderford,3.76,2015,249664
Anderford,3.45,1999,369440
Anderford,3.04,2020,189776
Anderford,2.7,2021,173729.0588
Anderford,1.01,2016,239388.8436
Anderford,3.84,1999,369440
Anderford,3.33,2023,129888
Anderford,3.44,1991,414030.3678
Anderford,1.07,2015,249664
Anderford,1.17,2010,294080.3776
Anderford,3.64,2006,324083.2655
Anderford,1.79,2021,173729.0588
Anderford,2.8,1992,408777.6873
Anderford,3.9,2019,203913.639
Anderford,1.57,2019,203913.639
Anderford,1.78,1990,419204.0471
Anderford,1.6,1995,392506.75
Anderford,3.18,1993,403442.2722
Anderford,1.06,2010,294080.3776
Anderford,3.74,2021,173729.0588
Anderford,2.58,1991,414030.3678
Anderford,1.5,1990,419204.0471
Anderford,2.1,2001,357212.7583
Anderford,1.33,2005,331045.7399
Anderford,1.5,1991,414030.3678
Anderford,3.59,1990,419204.0471
Anderford,3.62,2005,331045.7399
Anderford,3.34,2002,350899.619
Anderford,2.06,2011,285929.2548
Anderford,1.66,1991,414030.3678
Anderford,1.37,1997,381187.1763
Anderford,3.45,1990,419204.0471
Anderford,2.25,1990,419204.0471
Anderford,1.64,2005,331045.7399
Anderford,3.25,2018,216695.0417
Anderford,3.54,2022,154694.4218
Anderford,1.47,2011,285929.2548
Anderford,2.66,2003,344441.2932
Anderford,2.02,2017,228448.7545
Anderford,2.16,2009,301945.2266
Anderford,3.03,1991,414030.3678
Anderford,3.05,2020,189776
Anderford,2.39,1994,398020.0852
Anderford,1.65,2019,203913.639
Anderford,1.15,1995,392506.75
Anderford,2.91,2012,277458.1175
Anderford,1.21,2001,357212.7583
Anderford,2.58,2009,301945.2266
Anderford,3.18,2012,277458.1175
Anderford,3.57,2011,285929.2548
Anderford,2.67,2015,249664
Anderford,1.27,2008,309552
Anderford,2.81,1997,381187.1763
Anderford,2.69,2001,357212.7583
Anderford,1.64,2015,249664
Anderford,3.26,2017,228448.7545
Anderford,2.81,2002,350899.619
Anderford,1.92,2009,301945.2266
Anderford,1.65,1998,375370.0806
Anderford,3.84,2013,268626.0254
Anderford,3.56,2000,363390.0834
Anderford,3.81,2015,249664
Anderford,3.7,1995,392506.75
Anderford,2.11,2016,239388.8436
Anderford,3.18,1991,414030.3678
Anderford,2.94,1993,403442.2722
Anderford,1.91,1999,369440
Anderford,1.67,2017,228448.7545
Anderford,3.95,2013,268626.0254
Anderford,3.66,2014,259382.4845
Anderford,2.02,2019,203913.639
Anderford,1.94,2008,309552
Anderford,1.96,1990,419204.0471
Anderford,2.06,2019,203913.639
Anderford,2.44,1990,419204.0471
Anderford,3.22,1994,398020.0852
Anderford,3.35,1997,381187.1763
Anderford,1.57,2003,344441.2932
Anderford,3.33,1999,369440
Anderford,1.61,2009,301945.2266
BestCollege,1.44,2004,252304
BestCollege,3.56,1997,316110.4
BestCollege,1.87,2009,206728
BestCollege,2.9,1995,334340.8
BestCollege,1.98,2018,124691.2
BestCollege,3.73,2015,152036.8
BestCollege,1.73,2014,161152
BestCollege,3.76,2005,243188.8
BestCollege,1.35,2019,115576
BestCollege,2.43,2016,142921.6
BestCollege,3.53,2013,170267.2
BestCollege,1.61,2008,215843.2
BestCollege,2.1,1997,316110.4
BestCollege,2.62,1992,361686.4
BestCollege,1.37,2005,243188.8
BestCollege,1.69,2021,97345.6
BestCollege,3.4,2013,170267.2
BestCollege,1.7,2008,215843.2
BestCollege,1.97,2003,261419.2
BestCollege,3.47,1994,343456
BestCollege,3.32,2009,206728
BestCollege,1.73,2012,179382.4
BestCollege,1.8,1990,379916.8
BestCollege,1.84,2004,252304
BestCollege,3.78,2016,142921.6
BestCollege,3.53,2019,115576
BestCollege,3.77,2002,270534.4
BestCollege,2.25,2014,161152
BestCollege,1.56,1992,361686.4
BestCollege,1.98,2005,243188.8
BestCollege,3.56,2006,234073.6
BestCollege,1.36,2022,88230.4
BestCollege,3.51,1993,352571.2
BestCollege,2.58,2005,243188.8
BestCollege,1.93,2001,279649.6
BestCollege,3.89,2005,243188.8
BestCollege,2.98,2001,279649.6
BestCollege,2.45,2021,97345.6
BestCollege,1.06,1998,306995.2
BestCollege,3.27,2000,288764.8
BestCollege,1.09,1999,297880
BestCollege,2.71,2011,188497.6
BestCollege,1.34,2016,142921.6
BestCollege,2.16,2003,261419.2
BestCollege,2.13,1998,306995.2
BestCollege,1.27,1991,370801.6
BestCollege,3.05,2020,106460.8
BestCollege,1.3,2023,79115.2
BestCollege,1.09,2006,234073.6
BestCollege,2.45,2015,152036.8
BestCollege,2.2,2017,133806.4
BestCollege,1.8,2022,88230.4
BestCollege,2.3,2009,206728
BestCollege,1.49,2013,170267.2
BestCollege,3.35,1991,370801.6
BestCollege,1.69,1996,325225.6
BestCollege,3.2,1999,297880
BestCollege,3.37,2015,152036.8
BestCollege,3.76,2023,79115.2
BestCollege,2.68,1997,316110.4
BestCollege,3.48,2020,106460.8
BestCollege,1.14,1996,325225.6
BestCollege,1.95,2015,152036.8
BestCollege,3.84,2010,197612.8
BestCollege,1.55,2016,142921.6
BestCollege,2.55,1998,306995.2
BestCollege,2.89,2012,179382.4
BestCollege,3,1992,361686.4
BestCollege,2.94,1998,306995.2
BestCollege,3.62,2004,252304
BestCollege,3.62,2021,97345.6
BestCollege,2.14,2003,261419.2
BestCollege,1.58,2008,215843.2
BestCollege,3.86,2021,97345.6
BestCollege,3.54,2008,215843.2
BestCollege,1.61,2009,206728
BestCollege,1.42,2014,161152
BestCollege,1.31,2022,88230.4
BestCollege,3.01,2008,215843.2
BestCollege,3.57,1996,325225.6
BestCollege,1.2,1995,334340.8
BestCollege,2.54,2003,261419.2
BestCollege,1.87,1990,379916.8
BestCollege,1.68,1992,361686.4
BestCollege,3.83,2014,161152
BestCollege,2.89,2014,161152
BestCollege,2.1,1999,297880
BestCollege,2.53,2012,179382.4
BestCollege,2.48,2020,106460.8
BestCollege,1.36,1991,370801.6
BestCollege,2.62,2020,106460.8
BestCollege,1.86,2017,133806.4
BestCollege,1.73,1995,334340.8
BestCollege,1.42,2004,252304
BestCollege,2.28,2001,279649.6
BestCollege,1.4,1991,370801.6
BestCollege,1.22,1992,361686.4
BestCollege,1.42,2017,133806.4
BestCollege,1.07,2020,106460.8
BestCollege,2,2006,234073.6
BestCollege,3.45,2021,97345.6
BestCollege,3.86,2001,279649.6
BestCollege,2.85,2020,106460.8
BestCollege,2.82,2017,133806.4
BestCollege,2.22,2002,270534.4
BestCollege,1.74,1997,316110.4
BestCollege,3.17,2004,252304
BestCollege,2.45,2011,188497.6
BestCollege,3.94,2023,79115.2
BestCollege,1.89,2020,106460.8
BestCollege,3.62,2001,279649.6
BestCollege,1.63,2017,133806.4
BestCollege,2.6,2000,288764.8
BestCollege,1.43,1991,370801.6
BestCollege,3.14,2021,97345.6
BestCollege,2.45,1993,352571.2
BestCollege,2.55,2021,97345.6
BestCollege,3.54,2019,115576
BestCollege,1.22,2000,288764.8
BestCollege,3.21,1999,297880
BestCollege,1.49,2004,252304
BestCollege,3.57,1993,352571.2
BestCollege,3.63,2007,224958.4
BestCollege,3.38,2019,115576
BestCollege,2.64,2017,133806.4
BestCollege,2.51,2000,288764.8
BestCollege,3.29,2015,152036.8
BestCollege,2.95,2020,106460.8
BestCollege,1.51,2017,133806.4
BestCollege,2.12,2017,133806.4
BestCollege,3.65,1994,343456
BestCollege,2.54,2004,252304
BestCollege,3.15,2014,161152
BestCollege,3.11,2005,243188.8
BestCollege,1.58,1991,370801.6
BestCollege,2.43,2015,152036.8
BestCollege,2.76,2005,243188.8
BestCollege,3.84,2003,261419.2
BestCollege,3.26,1990,379916.8
BestCollege,1.74,1990,379916.8
BestCollege,2.3,2015,152036.8
BestCollege,3.78,2010,197612.8
BestCollege,3.73,2020,106460.8
BestCollege,2.93,2013,170267.2
BestCollege,1.18,1999,297880
BestCollege,3.97,2009,206728
BestCollege,3.58,1993,352571.2
BestCollege,1.3,1996,325225.6
BestCollege,3.07,2002,270534.4
BestCollege,3.73,2005,243188.8
BestCollege,2.05,2007,224958.4
BestCollege,1.75,2002,270534.4
BestCollege,1.67,1991,370801.6
BestCollege,2.72,2002,270534.4
BestCollege,1.05,2009,206728
BestCollege,1.85,2004,252304
BestCollege,1.38,2013,170267.2
BestCollege,1.42,2005,243188.8
BestCollege,3.04,2019,115576
BestCollege,2.62,1998,306995.2
BestCollege,2.26,2013,170267.2
BestCollege,2.06,2013,170267.2
BestCollege,2.89,1994,343456
BestCollege,3.37,2012,179382.4
BestCollege,2.87,2020,106460.8
BestCollege,3.74,1998,306995.2
BestCollege,1.93,2014,161152
BestCollege,1.13,2021,97345.6
BestCollege,1.96,2020,106460.8
BestCollege,1.68,2002,270534.4
BestCollege,3.21,2006,234073.6
BestCollege,1.29,2014,161152
BestCollege,3.65,2017,133806.4
BestCollege,3.47,1993,352571.2
BestCollege,1.38,2007,224958.4
BestCollege,1.04,2015,152036.8
BestCollege,2.74,2023,79115.2
BestCollege,1.06,2017,133806.4
BestCollege,3.9,2008,215843.2
BestCollege,3.7,2021,97345.6
BestCollege,1.43,2018,124691.2
BestCollege,2.42,2001,279649.6
BestCollege,3.82,2006,234073.6
BestCollege,3.59,2011,188497.6
BestCollege,3.56,1993,352571.2
BestCollege,3.37,2002,270534.4
BestCollege,1.14,1992,361686.4
BestCollege,2,2006,234073.6
BestCollege,2.63,2013,170267.2
BestCollege,1.06,2019,115576
BestCollege,3.19,2021,97345.6
BestCollege,1.73,1992,361686.4
BestCollege,1.38,1999,297880
BestCollege,2.52,2005,243188.8
BestCollege,1.15,2022,88230.4
BestCollege,3.18,2012,179382.4
BestCollege,2.38,2016,142921.6
BestCollege,3.59,2016,142921.6
BestCollege,2.72,1990,379916.8
BestCollege,3.29,1991,370801.6
BestCollege,3.37,2015,152036.8
BestCollege,2.98,1994,343456
BestCollege,3.8,2023,79115.2
BestCollege,3.73,1996,325225.6
BestCollege,2.77,1999,297880
BestCollege,1.93,2017,133806.4
BestCollege,3.6,1993,352571.2
BestCollege,2.99,1996,325225.6
BestCollege,2.85,2017,133806.4
BestCollege,2.47,2022,88230.4
BestCollege,1.51,2019,115576
BestCollege,1.22,1990,379916.8
BestCollege,3.08,1995,334340.8
BestCollege,2.45,2008,215843.2
BestCollege,1.91,2003,261419.2
BestCollege,3.66,1994,343456
BestCollege,2.69,2016,142921.6
BestCollege,1.23,2007,224958.4
BestCollege,2.71,1996,325225.6
BestCollege,1.54,1991,370801.6
BestCollege,1.09,2020,106460.8
BestCollege,2,2000,288764.8
BestCollege,2.97,2019,115576
BestCollege,3.11,2002,270534.4
BestCollege,1.03,2006,234073.6
BestCollege,3.39,2011,188497.6
BestCollege,2.19,1991,370801.6
BestCollege,1.6,2013,170267.2
BestCollege,2.95,1993,352571.2
BestCollege,2.63,1994,343456
BestCollege,3.23,2001,279649.6
BestCollege,1.88,2014,161152
BestCollege,1.85,2017,133806.4
BestCollege,2.77,2022,88230.4
BestCollege,1.83,2003,261419.2
BestCollege,3.44,1996,325225.6
BestCollege,2.92,1991,370801.6
BestCollege,3.58,2019,115576
BestCollege,2.39,2020,106460.8
BestCollege,1.14,2001,279649.6
BestCollege,3.68,2014,161152
BestCollege,1.21,2020,106460.8
BestCollege,1.22,1997,316110.4
BestCollege,1.66,2005,243188.8
BestCollege,2.56,2005,243188.8
BestCollege,3.28,2000,288764.8
BestCollege,3.92,2019,115576
BestCollege,2.77,2019,115576
BestCollege,1.77,2014,161152
BestCollege,2.89,1996,325225.6
BestCollege,3.81,2016,142921.6
BestCollege,3.89,1997,316110.4
BestCollege,2.42,2017,133806.4
BestCollege,2.63,1997,316110.4
BestCollege,2.67,2009,206728
BestCollege,2.84,2023,79115.2
BestCollege,2.85,1990,379916.8
BestCollege,1.46,2004,252304
BestCollege,3.11,2009,206728
BestCollege,2.23,1991,370801.6
BestCollege,2.83,2006,234073.6
BestCollege,1.57,2018,124691.2
BestCollege,2.22,2007,224958.4
BestCollege,2.64,2012,179382.4
BestCollege,1.71,2006,234073.6
BestCollege,2.84,1997,316110.4
BestCollege,3.73,2019,115576
BestCollege,3.88,2019,115576
BestCollege,3.14,2019,115576
BestCollege,3.26,2009,206728
BestCollege,2.48,1996,325225.6
BestCollege,2.75,2017,133806.4
BestCollege,3.92,1991,370801.6
BestCollege,1.33,2019,115576
BestCollege,3.9,2004,252304
BestCollege,1.31,1997,316110.4
BestCollege,3.82,2023,79115.2
BestCollege,1.34,1994,343456
BestCollege,2.51,1994,343456
BestCollege,3.7,2007,224958.4
BestCollege,2.95,1991,370801.6
BestCollege,3.46,1991,370801.6
BestCollege,2.19,2018,124691.2
BestCollege,1.5,1992,361686.4
BestCollege,1.3,2022,88230.4
BestCollege,2.01,2019,115576
BestCollege,2.7,2003,261419.2
BestCollege,1.64,1992,361686.4
BestCollege,3.4,2007,224958.4
BestCollege,3.47,1999,297880
BestCollege,3.23,2001,279649.6
BestCollege,3.47,2018,124691.2
BestCollege,2.76,1991,370801.6
BestCollege,1.2,1998,306995.2
BestCollege,3.76,1993,352571.2
BestCollege,3.71,2002,270534.4
BestCollege,1.71,2006,234073.6
BestCollege,2.04,1997,316110.4
BestCollege,3.63,1995,334340.8
BestCollege,2.6,2003,261419.2
BestCollege,3.63,2015,152036.8
BestCollege,2.89,2012,179382.4
BestCollege,1.82,2012,179382.4
BestCollege,1.6,2013,170267.2
BestCollege,3.73,2019,115576
BestCollege,1.1,2004,252304
BestCollege,3.07,2013,170267.2
BestCollege,1.15,2005,243188.8
BestCollege,1.51,2013,170267.2
BestCollege,3.08,2010,197612.8
BestCollege,1.88,1994,343456
BestCollege,2.03,2015,152036.8
BestCollege,3.67,2022,88230.4
BestCollege,3.77,1996,325225.6
BestCollege,3.35,2014,161152
BestCollege,1.05,2002,270534.4
BestCollege,2.37,2003,261419.2
BestCollege,3.65,1992,361686.4
BestCollege,2,2022,88230.4
BestCollege,2.81,1992,361686.4
BestCollege,2.51,2020,106460.8
BestCollege,2.53,2001,279649.6
BestCollege,2.78,2018,124691.2
BestCollege,2.09,2023,79115.2
Kingston,2.07,2017,115858.4
Kingston,3.14,2007,181370.4
Kingston,2.46,2010,161716.8
Kingston,3.99,2008,174819.2
Kingston,3.66,2023,76551.2
Kingston,2.53,2021,89653.6
Kingston,1.32,2011,155165.6
Kingston,3.53,2009,168268
Kingston,1.06,2020,96204.8
Kingston,3.67,2007,181370.4
Kingston,3.09,2011,155165.6
Kingston,2.33,2018,109307.2
Kingston,1.99,1995,259984.8
Kingston,3.95,1991,286189.6
Kingston,2.25,1990,292740.8
Kingston,1.9,2015,128960.8
Kingston,1.96,1997,246882.4
Kingston,2.93,2008,174819.2
Kingston,1.84,2003,207575.2
Kingston,2.71,2015,128960.8
Kingston,1.95,1998,240331.2
Kingston,2.81,2018,109307.2
Kingston,3.63,2008,174819.2
Kingston,3.47,2011,155165.6
Kingston,2.21,2016,122409.6
Kingston,1.01,1997,246882.4
Kingston,2.45,2017,115858.4
Kingston,3.96,1998,240331.2
Kingston,2.94,2011,155165.6
Kingston,2.86,1995,259984.8
Kingston,1.76,1990,292740.8
Kingston,2.74,2009,168268
Kingston,1.59,2013,142063.2
Kingston,1.31,2004,201024
Kingston,3.37,2014,135512
Kingston,2.22,2004,201024
Kingston,2.49,2012,148614.4
Kingston,3.52,2017,115858.4
Kingston,3.03,2019,102756
Kingston,1.67,2001,220677.6
Kingston,1.45,2003,207575.2
Kingston,1.74,2009,168268
Kingston,1.17,2014,135512
Kingston,2.59,2019,102756
Kingston,1.17,2021,89653.6
Kingston,3.38,1996,253433.6
Kingston,3.75,2008,174819.2
Kingston,1.11,2014,135512
Kingston,1.53,2016,122409.6
Kingston,2.21,2019,102756
Kingston,1.44,2021,89653.6
Kingston,3.5,2002,214126.4
Kingston,2.71,2020,96204.8
Kingston,3,1991,286189.6
Kingston,3.17,1998,240331.2
Kingston,1.86,2022,83102.4
Kingston,1.46,1991,286189.6
Kingston,1.94,1990,292740.8
Kingston,1.08,2001,220677.6
Kingston,1.64,2023,76551.2
Kingston,3.11,2017,115858.4
Kingston,2.69,2013,142063.2
Kingston,1.44,2022,83102.4
Kingston,3.54,2003,207575.2
Kingston,3.89,1999,233780
Kingston,3.62,2004,201024
Kingston,3.64,2003,207575.2
Kingston,3.82,2000,227228.8
Kingston,2.19,2010,161716.8
Kingston,1.81,2003,207575.2
Kingston,1.8,1995,259984.8
Kingston,1.62,1994,266536
Kingston,2.59,2022,83102.4
Kingston,2.82,2006,187921.6
Kingston,2.39,2010,161716.8
Kingston,2,2008,174819.2
Kingston,2.51,2021,89653.6
Kingston,3.63,2023,76551.2
Kingston,2.49,2015,128960.8
Kingston,3.6,2016,122409.6
Kingston,3.14,1993,273087.2
Kingston,1.46,1997,246882.4
Kingston,3.54,2018,109307.2
Kingston,3.08,2013,142063.2
Kingston,1.64,2020,96204.8
Kingston,3.65,1993,273087.2
Kingston,3.81,1997,246882.4
Kingston,2.03,2017,115858.4
Kingston,2.45,2012,148614.4
Kingston,3.73,2017,115858.4
Kingston,2.01,2009,168268
Kingston,2.34,2021,89653.6
Kingston,3.5,1996,253433.6
Kingston,1.73,2017,115858.4
Kingston,3.9,2018,109307.2
Kingston,2.42,1990,292740.8
Kingston,2.06,1994,266536
Kingston,1.49,2018,109307.2
Kingston,3.82,2022,83102.4
Kingston,2.94,2002,214126.4
Kingston,1.19,2006,187921.6
Kingston,1.25,2017,115858.4
Kingston,2.75,2019,102756
Kingston,1.15,2003,207575.2
Kingston,3.43,2009,168268
Kingston,2.05,2011,155165.6
Kingston,1.93,2009,168268
Kingston,2.95,2009,168268
Kingston,1.69,2018,109307.2
Kingston,3.96,2007,181370.4
Kingston,3.75,2015,128960.8
Kingston,3.44,2019,102756
Kingston,1.09,2023,76551.2
Kingston,1.88,2004,201024
Kingston,3.97,2018,109307.2
Kingston,1.21,2011,155165.6
Kingston,2,2020,96204.8
Kingston,1.02,2015,128960.8
Kingston,2.77,2015,128960.8
Kingston,1.33,2019,102756
Kingston,1.65,2023,76551.2
Kingston,1.37,2003,207575.2
Kingston,1.45,1996,253433.6
Kingston,1.76,2012,148614.4
Kingston,1.28,2011,155165.6
Kingston,3.1,2000,227228.8
Kingston,1.6,2007,181370.4
Kingston,3.07,2000,227228.8
Kingston,1.44,1998,240331.2
Kingston,1.63,2012,148614.4
Kingston,1.31,1995,259984.8
Kingston,2.68,2016,122409.6
Kingston,3.7,1991,286189.6
Kingston,2.25,2010,161716.8
Kingston,3.32,2010,161716.8
Kingston,1.63,1992,279638.4
Kingston,2.21,2022,83102.4
Kingston,1.51,2022,83102.4
Kingston,3.43,2016,122409.6
Kingston,2.11,2020,96204.8
Kingston,2.33,2020,96204.8
Kingston,3.75,2021,89653.6
Kingston,3.38,2002,214126.4
Kingston,3.3,1995,259984.8
Kingston,2.96,1992,279638.4
Kingston,2.62,2014,135512
Kingston,3.14,1990,292740.8
Kingston,1.97,2014,135512
Kingston,2.99,2001,220677.6
Kingston,2.44,1995,259984.8
Kingston,3.59,2014,135512
Kingston,2.27,2003,207575.2
Kingston,3.78,1995,259984.8
Kingston,1.82,1994,266536
Kingston,2.19,2010,161716.8
Kingston,1.42,2004,201024
Kingston,3.02,2003,207575.2
Kingston,3.17,2006,187921.6
Kingston,1.37,2020,96204.8
Kingston,3.26,2021,89653.6
Kingston,3.62,2007,181370.4
Kingston,2.1,1995,259984.8
Kingston,3.61,1999,233780
Kingston,1.37,1999,233780
Kingston,3.4,2002,214126.4
Kingston,2.44,2007,181370.4
Kingston,3.01,2006,187921.6
Kingston,1.66,2013,142063.2
Kingston,3.26,2003,207575.2
Kingston,1.14,2016,122409.6
Kingston,2.08,2012,148614.4
Kingston,2.87,1991,286189.6
Kingston,2.93,2005,194472.8
Kingston,3.61,2014,135512
Kingston,3.58,1998,240331.2
Kingston,2.28,2005,194472.8
Kingston,1.6,1991,286189.6
Kingston,1.98,2002,214126.4
Kingston,1.87,2002,214126.4
Kingston,2.22,2006,187921.6
Kingston,2.38,1991,286189.6
Kingston,1.73,2011,155165.6
Kingston,2.33,2018,109307.2
Kingston,2.16,2003,207575.2
Kingston,1.43,2022,83102.4
Kingston,1.19,2001,220677.6
Kingston,2.09,2006,187921.6
Kingston,1.52,1991,286189.6
Kingston,3.63,1991,286189.6
Kingston,2.63,2016,122409.6
Kingston,1.9,2015,128960.8
Kingston,1.88,1996,253433.6
Kingston,1.29,2021,89653.6
Kingston,1.74,1993,273087.2
Kingston,2.64,2016,122409.6
Kingston,1.87,2013,142063.2
Kingston,1.82,2008,174819.2
Kingston,3.69,2023,76551.2
Kingston,2.51,2021,89653.6
Kingston,3.24,2021,89653.6
Kingston,2.15,2011,155165.6
Kingston,2.31,1993,273087.2
Kingston,3.66,2020,96204.8
Kingston,3.49,2012,148614.4
Kingston,1.94,2005,194472.8
Kingston,3.63,2016,122409.6
Kingston,1.08,2018,109307.2
Kingston,3.32,2014,135512
Kingston,1.31,2021,89653.6
Kingston,3.86,2012,148614.4
Kingston,2.71,1997,246882.4
Kingston,1.87,2021,89653.6
Kingston,3.92,2016,122409.6
Kingston,1.42,1997,246882.4
Kingston,1.64,1995,259984.8
Kingston,2.36,2012,148614.4
Kingston,3.45,2013,142063.2
Kingston,2.17,1999,233780
Kingston,3.1,1999,233780
Kingston,1.49,2003,207575.2
Kingston,2.7,1991,286189.6
Kingston,2.52,2010,161716.8
Kingston,1.2,2013,142063.2
Kingston,2.27,2014,135512
Kingston,3.82,2003,207575.2
Kingston,3.79,2000,227228.8
Kingston,1.83,2003,207575.2
Kingston,2.36,2020,96204.8
Kingston,1.24,2019,102756
Kingston,3.75,1990,292740.8
Kingston,2,2017,115858.4
Kingston,3.82,2023,76551.2
Kingston,2.83,2009,168268
Kingston,2.92,1998,240331.2
Kingston,2.52,2021,89653.6
Kingston,1.15,2014,135512
Kingston,2.6,1996,253433.6
Kingston,3.39,1993,273087.2
Kingston,1.68,1990,292740.8
Kingston,2.79,2002,214126.4
Kingston,3.59,1993,273087.2
Kingston,1.14,2016,122409.6
Kingston,1.46,2019,102756
Kingston,3.73,2017,115858.4
Kingston,3.63,2018,109307.2
Kingston,1.37,1991,286189.6
Kingston,3.53,1999,233780
Kingston,2.64,2018,109307.2
Kingston,1.88,2002,214126.4
Kingston,2.09,2011,155165.6
Kingston,3.21,2016,122409.6
Kingston,1.02,2015,128960.8
Kingston,3.14,2005,194472.8
Kingston,1.74,2017,115858.4
Kingston,3.95,2011,155165.6
Kingston,3.22,2012,148614.4
Kingston,1.23,1996,253433.6
Kingston,1.52,2007,181370.4
Kingston,3,2021,89653.6
Kingston,1.96,2018,109307.2
Kingston,2.69,2021,89653.6
Kingston,3.81,1993,273087.2
Kingston,2.09,1999,233780
Kingston,3.91,2023,76551.2
Kingston,3.02,2015,128960.8
Kingston,1.73,1998,240331.2
Kingston,2.24,2023,76551.2
Kingston,2.46,2001,220677.6
Kingston,3.33,1993,273087.2
Kingston,3.19,1996,253433.6
Kingston,2.41,1991,286189.6
Kingston,1.65,2000,227228.8
Kingston,2.9,2003,207575.2
Kingston,3.12,2007,181370.4
Kingston,3.96,2021,89653.6
Kingston,3.4,2000,227228.8
Kingston,1.08,2000,227228.8
Kingston,1.21,2002,214126.4
Kingston,3.56,2010,161716.8
Kingston,1,2023,76551.2
Kingston,2.71,2010,161716.8
Kingston,3.38,2012,148614.4
Kingston,2.8,2009,168268
Kingston,3.58,2023,76551.2
Kingston,3.81,2017,115858.4
Kingston,1.2,1999,233780
Kingston,1.04,2013,142063.2
Kingston,1.03,1997,246882.4
Kingston,3.63,1996,253433.6
Kingston,3.95,2010,161716.8
Kingston,1.85,2021,89653.6
Kingston,3.57,2006,187921.6
Kingston,1.95,2023,76551.2
Kingston,1.01,2016,122409.6
Kingston,3.06,1996,253433.6
Kingston,3.17,2009,168268
Kingston,2.41,1998,240331.2
Kingston,1.59,1990,292740.8
Kingston,1.98,2012,148614.4
Kingston,1.56,1998,240331.2
Kingston,3.82,2002,214126.4
Kingston,3.81,2007,181370.4
Kingston,1.37,2007,181370.4
Kingston,2.72,2002,214126.4
Kingston,1.64,2017,115858.4
Kingston,3.26,2021,89653.6
Kingston,2.3,1994,266536
Kingston,1.8,1999,233780
Kingston,3.67,2014,135512
Kingston,2.53,2001,220677.6
Kingston,1.07,2012,148614.4
Kingston,3.17,2003,207575.2
Kingston,1.82,1996,253433.6
Kingston,2.71,2014,135512
Kingston,2.26,1994,266536
Kingston,3.23,1996,253433.6
Kingston,2.13,2012,148614.4
Kingston,3.69,2015,128960.8
Kingston,3.7,2011,155165.6
Kingston,1.32,2009,168268
Kingston,2.93,2011,155165.6
Kingston,2.62,2020,96204.8
Kingston,3.58,2012,148614.4
Kingston,1.98,2004,201024
Kingston,3.02,2014,135512
Kingston,1.84,2002,214126.4
Kingston,1.6,1999,233780
Kingston,2.07,1995,259984.8
Kingston,2.29,1993,273087.2
Kingston,3.13,2020,96204.8
Kingston,1.46,1995,259984.8
Kingston,3.68,1995,259984.8
Kingston,1.69,1998,240331.2
Kingston,1.75,2005,194472.8
Kingston,3.17,2007,181370.4
Kingston,2.62,2016,122409.6
Kingston,3.88,2010,161716.8
Kingston,1.48,2022,83102.4
Kingston,1.75,1997,246882.4
Kingston,2.98,1996,253433.6
Kingston,3.11,2022,83102.4
Kingston,3.78,2004,201024
Kingston,3.91,2013,142063.2
Kingston,2.2,2014,135512
Kingston,3.17,2010,161716.8
Kingston,2.52,1994,266536
Kingston,3.13,2023,76551.2
Kingston,2.28,1992,279638.4
Kingston,2.74,2009,168268
Kingston,2.51,2018,109307.2
Kingston,1.63,2005,194472.8
Kingston,1.29,1995,259984.8
Kingston,2.09,2019,102756
Kingston,3.78,2008,174819.2
Kingston,3.58,2003,207575.2
Kingston,2.92,2014,135512
Kingston,3.62,1995,259984.8
Kingston,1.1,2017,115858.4
Kingston,2.33,2007,181370.4
Kingston,2.22,2023,76551.2
Kingston,1.82,1998,240331.2
Kingston,2.9,2007,181370.4
Kingston,3.41,1998,240331.2
Kingston,2.59,2018,109307.2
Kingston,2.45,2018,109307.2
Kingston,3.64,2007,181370.4
Kingston,2.86,1996,253433.6
Kingston,2.09,2001,220677.6
Kingston,2.91,2015,128960.8
Kingston,2.01,2000,227228.8
Kingston,1.62,2005,194472.8
Kingston,3.64,1999,233780
Kingston,1.76,2009,168268
Lombard,3.37,2002,397747.4916
Lombard,2.42,1998,426299.0875
Lombard,2.71,1992,465278.3475
Lombard,2.69,1991,471407.0595
Lombard,2.6,2007,358106.1287
Lombard,1.01,2007,358106.1287
Lombard,2.88,2023,139876
Lombard,2.69,2013,301752.4739
Lombard,2.76,2017,254874.5186
Lombard,1.86,2005,374582.4226
Lombard,2.42,2010,331452.0516
Lombard,1.55,2013,301752.4739
Lombard,3.34,1996,439749.0372
Lombard,1.66,1993,459053.1026
Lombard,3.37,1991,471407.0595
Lombard,1.99,2001,405113.5235
Lombard,3.74,2018,241160.5453
Lombard,3.54,1999,419380
Lombard,1.33,2006,366458.7607
Lombard,3.65,2003,390212.0593
Lombard,2.77,2014,290967.3138
Lombard,2.26,1994,452726.6143
Lombard,1.84,2003,390212.0593
Lombard,3.39,1996,439749.0372
Lombard,2.32,2004,382494.972
Lombard,3.29,2009,340628.5843
Lombard,3.87,1992,465278.3475
Lombard,1.44,2016,267639.1738
Lombard,2.3,1999,419380
Lombard,3.25,1999,419380
Lombard,3.03,2023,139876
Lombard,3.95,1996,439749.0372
Lombard,3.15,2015,279628
Lombard,2.31,2007,358106.1287
Lombard,2.54,1993,459053.1026
Lombard,3.52,1990,477443.5946
Lombard,2.49,2009,340628.5843
Lombard,2,1998,426299.0875
Lombard,1.78,2005,374582.4226
Lombard,3.16,2017,254874.5186
Lombard,3.88,1998,426299.0875
Lombard,3.65,1995,446293.7761
Lombard,1.29,1991,471407.0595
Lombard,1.95,2000,412321.0905
Lombard,1.6,1995,446293.7761
Lombard,3.88,2004,382494.972
Lombard,3.55,2016,267639.1738
Lombard,2.9,2007,358106.1287
Lombard,3.04,2014,290967.3138
Lombard,1.72,1993,459053.1026
Lombard,1.5,2019,226247.486
Lombard,1.52,2017,254874.5186
Lombard,2.37,1999,419380
Lombard,2.55,1999,419380
Lombard,3.95,2004,382494.972
Lombard,1.77,2012,312057.5645
Lombard,3.02,1998,426299.0875
Lombard,1.64,1998,426299.0875
Lombard,3.52,2006,366458.7607
Lombard,2.37,2016,267639.1738
Lombard,2.33,2016,267639.1738
Lombard,1.84,2002,397747.4916
Lombard,2.63,2023,139876
Lombard,1.69,1997,433086.3467
Lombard,2.6,1994,452726.6143
Lombard,2.72,2021,191028.7822
Lombard,3.22,2003,390212.0593
Lombard,2.9,1995,446293.7761
Lombard,3.02,1997,433086.3467
Lombard,3.53,2013,301752.4739
Lombard,1.67,2011,321941.5009
Lombard,2.19,1992,465278.3475
Lombard,3.18,2004,382494.972
Lombard,3.67,2012,312057.5645
Lombard,3.36,2010,331452.0516
Lombard,1.32,2015,279628
Lombard,2.25,1998,426299.0875
Lombard,1.25,2019,226247.486
Lombard,3.78,2011,321941.5009
Lombard,3.23,1990,477443.5946
Lombard,3.62,2023,139876
Lombard,3.59,2020,209752
Lombard,2.35,1992,465278.3475
Lombard,1.09,2006,366458.7607
Lombard,3.48,2015,279628
Lombard,3.78,2008,349504
Lombard,2.29,1996,439749.0372
Lombard,3.71,2009,340628.5843
Lombard,3.36,2000,412321.0905
Lombard,2.74,2001,405113.5235
Lombard,2.92,2021,191028.7822
Lombard,2.67,2000,412321.0905
Lombard,1.52,2019,226247.486
Lombard,3.18,2020,209752
Lombard,2.93,2004,382494.972
Lombard,2.19,2008,349504
Lombard,2.09,2023,139876
Lombard,1.48,1995,446293.7761
Lombard,1.21,2023,139876
Lombard,2.35,1990,477443.5946
Lombard,3.68,2022,168819.5869
Lombard,1.44,2018,241160.5453
Lombard,2.8,2010,331452.0516
Lombard,2.97,1996,439749.0372
Lombard,1.46,2005,374582.4226
Lombard,1.63,2014,290967.3138
Lombard,2.39,2006,366458.7607
Lombard,2.62,2006,366458.7607
Lombard,2.83,1994,452726.6143
Lombard,2.66,1994,452726.6143
Lombard,2.61,2023,139876
Lombard,1.23,2004,382494.972
Lombard,1.37,1990,477443.5946
Lombard,1.21,2013,301752.4739
Lombard,2.28,1995,446293.7761
Lombard,1.18,2016,267639.1738
Lombard,1.47,2015,279628
Lombard,3.5,2008,349504
Lombard,1.4,1998,426299.0875
Lombard,2.41,2006,366458.7607
Lombard,3.05,1994,452726.6143
Lombard,2.55,2023,139876
Lombard,3.9,2013,301752.4739
Lombard,1.57,2009,340628.5843
Lombard,1.61,2014,290967.3138
Lombard,2.21,1995,446293.7761
Lombard,3.98,2002,397747.4916
Lombard,2.73,2019,226247.486
Lombard,3.61,2008,349504
Lombard,1.22,1997,433086.3467
Lombard,2.92,1992,465278.3475
Lombard,3.04,2021,191028.7822
Lombard,3.55,2021,191028.7822
Lombard,2.55,2007,358106.1287
Lombard,3.3,1990,477443.5946
Lombard,1.28,2004,382494.972
Lombard,3.12,2007,358106.1287
Lombard,3.16,2001,405113.5235
Lombard,2.92,2006,366458.7607
Lombard,3.01,2002,397747.4916
Lombard,3.12,2010,331452.0516
Lombard,3.44,2017,254874.5186
Lombard,2.53,2010,331452.0516
Lombard,2.76,2016,267639.1738
Lombard,1.86,2009,340628.5843
Lombard,3.84,1997,433086.3467
Lombard,2.71,1997,433086.3467
Lombard,3.97,1993,459053.1026
Lombard,1.4,2014,290967.3138
Lombard,1.42,2016,267639.1738
Lombard,3.07,2023,139876
Lombard,3.61,1995,446293.7761
Lombard,1.2,1990,477443.5946
Lombard,3.97,2014,290967.3138
Lombard,2.2,2017,254874.5186
Lombard,3.89,2004,382494.972
Lombard,3.75,1997,433086.3467
Lombard,2.68,1995,446293.7761
Lombard,1.48,2020,209752
Lombard,3.08,2003,390212.0593
Lombard,2.67,2019,226247.486
Lombard,2.5,2019,226247.486
Lombard,1.63,2009,340628.5843
Lombard,3.93,2016,267639.1738
Lombard,3.4,2003,390212.0593
Lombard,1.31,1996,439749.0372
Lombard,1.86,1992,465278.3475
Lombard,2.21,2003,390212.0593
Lombard,2.75,2017,254874.5186
Lombard,1.92,2000,412321.0905
Lombard,1.84,2013,301752.4739
Lombard,2.56,1998,426299.0875
Lombard,3.8,2016,267639.1738
Lombard,1.64,2020,209752
Lombard,2.03,2014,290967.3138
Lombard,1.26,2023,139876
Lombard,3.57,2001,405113.5235
Lombard,1.37,2016,267639.1738
Lombard,2.14,1990,477443.5946
Lombard,2.63,1994,452726.6143
Lombard,3.92,2002,397747.4916
Lombard,2.47,2001,405113.5235
Lombard,1.26,2002,397747.4916
Lombard,2.09,2014,290967.3138
Lombard,3.82,1996,439749.0372
Lombard,2.89,2010,331452.0516
Lombard,1.31,1992,465278.3475
Lombard,1.76,2022,168819.5869
Lombard,1.79,1991,471407.0595
Lombard,1.55,2010,331452.0516
Lombard,1.02,2004,382494.972
Lombard,2.62,2015,279628
Lombard,2.9,2010,331452.0516
Lombard,2.17,1999,419380
Lombard,1.77,2009,340628.5843
Lombard,2.07,2002,397747.4916
Lombard,3.26,2006,366458.7607
Lombard,2.87,2001,405113.5235
Lombard,1,2017,254874.5186
Lombard,1.11,1999,419380
Lombard,2.36,2017,254874.5186
Lombard,2.95,2008,349504
Lombard,2.65,2002,397747.4916
Lombard,3.77,2013,301752.4739
Lombard,3.97,1999,419380
Lombard,3.69,2014,290967.3138
Lombard,1.19,1996,439749.0372
Lombard,3.8,1999,419380
Lombard,1.95,2013,301752.4739
Lombard,2.38,2007,358106.1287
Lombard,2.62,1992,465278.3475
Lombard,2.75,2008,349504
Lombard,2.54,2013,301752.4739
Lombard,2.36,2022,168819.5869
Lombard,1.33,2004,382494.972
Lombard,1.4,2008,349504
Lombard,1.07,2017,254874.5186
Lombard,2.69,2014,290967.3138
Lombard,1.12,2003,390212.0593
Lombard,2.4,1992,465278.3475
Lombard,2.43,1998,426299.0875
Lombard,2.83,1998,426299.0875
Lombard,2.65,2017,254874.5186
Lombard,1.99,2009,340628.5843
Lombard,3.21,1992,465278.3475
Lombard,2.45,1995,446293.7761
Lombard,1.71,2010,331452.0516
Lombard,3.47,2005,374582.4226
Lombard,3.17,2014,290967.3138
Lombard,2.33,1993,459053.1026
Lombard,3.69,2004,382494.972
Lombard,2.98,1994,452726.6143
Lombard,1.18,2022,168819.5869
Lombard,1.84,2011,321941.5009
Lombard,1.9,2014,290967.3138
Lombard,3.58,2016,267639.1738
Lombard,3.95,2008,349504
Lombard,1.52,1998,426299.0875
Lombard,3.58,1997,433086.3467
Lombard,2.78,2020,209752
Lombard,3.69,2009,340628.5843
Lombard,1.09,2000,412321.0905
Lombard,1.26,2000,412321.0905
Lombard,2.38,1997,433086.3467
Lombard,3.45,2012,312057.5645
Lombard,3.99,2020,209752
Lombard,2.51,2016,267639.1738
Lombard,2.96,2004,382494.972
Lombard,1.89,2017,254874.5186
Lombard,3.52,2002,397747.4916
Lombard,1.26,2018,241160.5453
Lombard,2.63,1997,433086.3467
Lombard,3.98,1992,465278.3475
Lombard,2.89,1994,452726.6143
Lombard,3.13,2003,390212.0593
Lombard,2.31,1991,471407.0595
Lombard,2.55,2006,366458.7607
Lombard,2.9,2020,209752
Lombard,2.28,2002,397747.4916
Lombard,1.43,2010,331452.0516
Lombard,1.49,2008,349504
Lombard,2.36,1999,419380
Lombard,2.92,2013,301752.4739
Lombard,2.73,1995,446293.7761
Lombard,3.87,2019,226247.486
Lombard,2.1,1997,433086.3467
Lombard,1.53,2013,301752.4739
Lombard,2.41,2006,366458.7607
Lombard,3.73,2003,390212.0593
Lombard,3.42,2014,290967.3138
Lombard,2.68,2005,374582.4226
Lombard,1.84,1993,459053.1026
Lombard,2.31,2023,139876
Lombard,2.21,2009,340628.5843
Lombard,3.44,1996,439749.0372
Lombard,2.56,1999,419380
Lombard,2.6,1994,452726.6143
Lombard,2,1990,477443.5946
Lombard,1.76,1994,452726.6143
Lombard,3.4,2003,390212.0593
Lombard,3.75,1992,465278.3475
Lombard,1.87,2023,139876
Lombard,2.46,1991,471407.0595
Lombard,1.6,2010,331452.0516
Lombard,2.63,2013,301752.4739
Lombard,3.18,2014,290967.3138
Lombard,2.93,2021,191028.7822
Lombard,2.17,2004,382494.972
Lombard,1.55,1991,471407.0595
Lombard,3.04,2019,226247.486
Lombard,1.11,2002,397747.4916
Lombard,1.92,1990,477443.5946
Lombard,1.31,2001,405113.5235
Lombard,2.34,2005,374582.4226
Lombard,1.18,2001,405113.5235
Lombard,1.22,2007,358106.1287
Lombard,1.51,2012,312057.5645
Lombard,2.28,1992,465278.3475
Lombard,3.95,1993,459053.1026
Lombard,1.07,2022,168819.5869
Lombard,3.6,2013,301752.4739
Lombard,3.28,2023,139876
Lombard,2.86,2007,358106.1287
Lombard,3.25,2022,168819.5869
Lombard,1.41,2006,366458.7607
Lombard,2.02,2009,340628.5843
Lombard,3.52,2012,312057.5645
Lombard,3.98,2001,405113.5235
Lombard,2.66,1992,465278.3475
Lombard,1.35,1994,452726.6143
Lombard,1,1992,465278.3475
Lombard,2.85,2020,209752
Lombard,3.74,2009,340628.5843
Lombard,3.78,2003,390212.0593
Lombard,3.15,2010,331452.0516
Lombard,1.34,2001,405113.5235
Lombard,1.2,2004,382494.972
Lombard,2.91,2019,226247.486
Lombard,2.74,2004,382494.972
Lombard,3.12,2020,209752
Lombard,1.38,2001,405113.5235
Lombard,1.85,2010,331452.0516
Lombard,1.69,2013,301752.4739
Lombard,1.57,2018,241160.5453
Lombard,3.03,2000,412321.0905
Lombard,1.96,2015,279628
Lombard,3.96,2013,301752.4739
Lombard,3.27,2021,191028.7822
Lombard,1.73,1995,446293.7761
Lombard,3.76,2012,312057.5645
Lombard,1.78,2007,358106.1287
Redbrick,2.04,2009,259683.2324
Redbrick,1.36,2021,154828.9204
Redbrick,3.05,1998,319729.5797
Redbrick,3.33,2003,294436.2272
Redbrick,1.63,2021,154828.9204
Redbrick,2.8,1990,355576.7
Redbrick,1.59,2015,216928
Redbrick,3.15,2013,232435.0157
Redbrick,2.12,2022,139262.5234
Redbrick,2.88,2018,189966.2096
Redbrick,3.77,2000,309932.4193
Redbrick,2.12,2010,253251.4122
Redbrick,1.16,1997,324486.7611
Redbrick,2.08,2022,139262.5234
Redbrick,1.88,1990,355576.7
Redbrick,2.68,2015,216928
Redbrick,2.61,2015,216928
Redbrick,2.69,2017,199578.3162
Redbrick,2.91,1994,338252.5998
Redbrick,3.01,2021,154828.9204
Redbrick,2.14,2017,199578.3162
Redbrick,2.89,2011,246585.4793
Redbrick,1.95,2018,189966.2096
Redbrick,1.27,1990,355576.7
Redbrick,2.67,2014,224875.7107
Redbrick,2.15,2016,208525.0469
Redbrick,3.6,2006,277787.5703
Redbrick,1.39,2014,224875.7107
Redbrick,2.33,1998,319729.5797
Redbrick,2.73,2014,224875.7107
Redbrick,2.76,2019,179513.6653
Redbrick,2.31,2000,309932.4193
Redbrick,1.97,1999,314880
Redbrick,3.76,2022,139262.5234
Redbrick,3.85,2006,277787.5703
Redbrick,2.19,1998,319729.5797
Redbrick,3.85,2015,216928
Redbrick,2.07,2003,294436.2272
Redbrick,3.9,1992,347050.0937
Redbrick,3.9,2001,304880.6447
Redbrick,3.41,1991,351345.7002
Redbrick,1.2,2015,216928
Redbrick,2.35,2000,309932.4193
Redbrick,2.32,2015,216928
Redbrick,1.01,1996,329156.6324
Redbrick,3.23,1994,338252.5998
Redbrick,2.42,1996,329156.6324
Redbrick,1.64,2018,189966.2096
Redbrick,1.1,2014,224875.7107
Redbrick,1.83,2016,208525.0469
Redbrick,1.71,2020,167952
Redbrick,3.92,1992,347050.0937
Redbrick,2.03,2017,199578.3162
Redbrick,3.48,1994,338252.5998
Redbrick,2.83,2001,304880.6447
Redbrick,3.57,2003,294436.2272
Redbrick,2.59,1997,324486.7611
Redbrick,1.66,2010,253251.4122
Redbrick,2.74,2009,259683.2324
Redbrick,3.82,2013,232435.0157
Redbrick,1.3,2018,189966.2096
Redbrick,1.13,1991,351345.7002
Redbrick,2.8,1999,314880
Redbrick,3.76,2014,224875.7107
Redbrick,2.52,1990,355576.7
Redbrick,3.89,2003,294436.2272
Redbrick,3.77,2009,259683.2324
Redbrick,3.13,1994,338252.5998
Redbrick,1.77,2019,179513.6653
Redbrick,1.47,1990,355576.7
Redbrick,2.64,2011,246585.4793
Redbrick,1.5,2002,299717.8023
Redbrick,2.37,2005,283481.4347
Redbrick,2.45,2020,167952
Redbrick,2.67,2007,271933.2211
Redbrick,1.06,2008,265904
Redbrick,2.91,1992,347050.0937
Redbrick,1.11,2008,265904
Redbrick,3.66,1993,342686.8274
Redbrick,2.45,2017,199578.3162
Redbrick,2.63,2013,232435.0157
Redbrick,2.25,2009,259683.2324
Redbrick,3.64,2016,208525.0469
Redbrick,3.96,1998,319729.5797
Redbrick,1.02,2000,309932.4193
Redbrick,1.76,2023,118976
Redbrick,2.6,1995,333743.8316
Redbrick,2.17,1992,347050.0937
Redbrick,3.9,2023,118976
Redbrick,1.15,2009,259683.2324
Redbrick,3.2,2018,189966.2096
Redbrick,3.2,1999,314880
Redbrick,3.79,2005,283481.4347
Redbrick,1.63,2007,271933.2211
Redbrick,3.04,2021,154828.9204
Redbrick,1.6,1990,355576.7
Redbrick,1.14,2007,271933.2211
Redbrick,2.34,2021,154828.9204
Redbrick,2.83,1990,355576.7
Redbrick,2.71,2014,224875.7107
Redbrick,3.51,2007,271933.2211
Redbrick,1.33,2022,139262.5234
Redbrick,1.11,2008,265904
Redbrick,1.74,2007,271933.2211
Redbrick,1.36,2003,294436.2272
Redbrick,1.29,2000,309932.4193
Redbrick,1.16,2009,259683.2324
Redbrick,2.54,1998,319729.5797
Redbrick,1.64,2008,265904
Redbrick,2.8,2005,283481.4347
Redbrick,3.15,2003,294436.2272
Redbrick,1.78,2008,265904
Redbrick,1.74,2014,224875.7107
Redbrick,3.56,2010,253251.4122
Redbrick,1.57,1995,333743.8316
Redbrick,2.66,2004,289027.3305
Redbrick,1.63,1991,351345.7002
Redbrick,2.33,2003,294436.2272
Redbrick,1.58,2016,208525.0469
Redbrick,2.77,2006,277787.5703
Redbrick,2.87,1999,314880
Redbrick,2.75,1994,338252.5998
Redbrick,3.44,2022,139262.5234
Redbrick,1.04,1994,338252.5998
Redbrick,3.54,2012,239657.8407
Redbrick,2.49,2000,309932.4193
Redbrick,1.62,2005,283481.4347
Redbrick,1.93,2002,299717.8023
Redbrick,1.48,2005,283481.4347
Redbrick,1.89,2020,167952
Redbrick,1.96,2011,246585.4793
Redbrick,3.14,2021,154828.9204
Redbrick,1.21,1997,324486.7611
Redbrick,2.81,2020,167952
Redbrick,3.73,2006,277787.5703
Redbrick,3.6,2021,154828.9204
Redbrick,1.17,2001,304880.6447
Redbrick,1.94,1999,314880
Redbrick,3.59,2008,265904
Redbrick,1.11,2022,139262.5234
Redbrick,3.55,2014,224875.7107
Redbrick,2.31,2000,309932.4193
Redbrick,2.97,2018,189966.2096
Redbrick,1.12,2022,139262.5234
Redbrick,3.33,2010,253251.4122
Redbrick,1.63,2020,167952
Redbrick,1.74,2001,304880.6447
Redbrick,3.27,2000,309932.4193
Redbrick,1.34,1999,314880
Redbrick,2.71,2003,294436.2272
Redbrick,2.38,2011,246585.4793
Redbrick,3.05,2002,299717.8023
Redbrick,3.63,2000,309932.4193
Redbrick,3.12,1991,351345.7002
Redbrick,3.6,2010,253251.4122
Redbrick,1.58,2008,265904
Redbrick,1.05,1994,338252.5998
Redbrick,1.83,1992,347050.0937
Redbrick,1.73,2015,216928
Redbrick,3.95,2011,246585.4793
Redbrick,3,2009,259683.2324
Redbrick,1.07,2000,309932.4193
Redbrick,2.65,2017,199578.3162
Redbrick,2.78,1994,338252.5998
Redbrick,3.03,2020,167952
Redbrick,1.13,2006,277787.5703
Redbrick,3.89,1993,342686.8274
Redbrick,3.69,2000,309932.4193
Redbrick,1.91,2008,265904
Redbrick,2.11,2005,283481.4347
Redbrick,2,2014,224875.7107
Redbrick,2.66,1999,314880
Redbrick,1.57,1999,314880
Redbrick,3.87,2012,239657.8407
Redbrick,1.49,2018,189966.2096
Redbrick,3.07,1996,329156.6324
Redbrick,1.41,2011,246585.4793
Redbrick,3.09,1992,347050.0937
Redbrick,3.01,2021,154828.9204
Redbrick,1.86,1991,351345.7002
Redbrick,1.04,1991,351345.7002
Redbrick,2.09,2017,199578.3162
Redbrick,1.39,2007,271933.2211
Redbrick,3.61,1998,319729.5797
Redbrick,2.81,1990,355576.7
Redbrick,1.44,2023,118976
Redbrick,1.48,1997,324486.7611
Redbrick,2.12,1999,314880
Redbrick,3.48,2001,304880.6447
Redbrick,3.64,2000,309932.4193
Redbrick,3.55,2007,271933.2211
Redbrick,2.73,2001,304880.6447
Redbrick,2.06,1996,329156.6324
Redbrick,2.24,2017,199578.3162
Redbrick,2.31,2020,167952
Redbrick,3.02,2003,294436.2272
Redbrick,2.2,2000,309932.4193
Redbrick,1.1,2011,246585.4793
Redbrick,1.6,2016,208525.0469
Redbrick,1.12,2008,265904
Redbrick,1.07,2001,304880.6447
Redbrick,2.18,2021,154828.9204
Redbrick,2.61,2003,294436.2272
Redbrick,1.45,2003,294436.2272
Redbrick,1.81,2014,224875.7107
Redbrick,3.11,2023,118976
Redbrick,3.23,1998,319729.5797
Redbrick,3.64,2000,309932.4193
Redbrick,2.86,2017,199578.3162
Redbrick,3.21,2018,189966.2096
Redbrick,2.14,2011,246585.4793
Redbrick,3.22,1993,342686.8274
Redbrick,3.91,2006,277787.5703
Redbrick,3.82,1999,314880
Redbrick,2.41,2015,216928
Redbrick,1.86,1995,333743.8316
Redbrick,1.19,2019,179513.6653
Redbrick,1.48,2016,208525.0469
Redbrick,1.53,2003,294436.2272
Redbrick,3.27,2019,179513.6653
Redbrick,1.1,2018,189966.2096
Redbrick,1.58,2023,118976
Redbrick,1.14,2004,289027.3305
Redbrick,3.38,1992,347050.0937
Redbrick,3.13,2007,271933.2211
Redbrick,2.89,2003,294436.2272
Redbrick,3.92,2018,189966.2096
Redbrick,2.43,1993,342686.8274
Redbrick,2.9,1999,314880
Redbrick,3.22,2023,118976
Redbrick,2.07,1996,329156.6324
Redbrick,3.09,1996,329156.6324
Redbrick,1.79,2013,232435.0157
Redbrick,3.92,1996,329156.6324
Redbrick,1.22,2021,154828.9204
Redbrick,2.78,1996,329156.6324
Redbrick,3.19,1997,324486.7611
Redbrick,1.89,1999,314880
Redbrick,3.61,2017,199578.3162
Redbrick,1.92,2009,259683.2324
Redbrick,3.89,2000,309932.4193
Redbrick,3.33,2002,299717.8023
Redbrick,3.28,2017,199578.3162
Redbrick,2.51,2004,289027.3305
Redbrick,3.02,2014,224875.7107
Redbrick,1.9,1999,314880
Redbrick,2.98,2004,289027.3305
Redbrick,3.88,2007,271933.2211
Redbrick,1.11,1995,333743.8316
Redbrick,3.31,2017,199578.3162
Redbrick,1.17,2023,118976
Redbrick,3.86,2011,246585.4793
Redbrick,3.5,1992,347050.0937
Redbrick,2.03,2021,154828.9204
Redbrick,3.78,2002,299717.8023
Redbrick,2.74,2006,277787.5703
Redbrick,1.01,2014,224875.7107
Redbrick,2.62,2000,309932.4193
Redbrick,2.52,1991,351345.7002
Redbrick,3.6,2018,189966.2096
Redbrick,2.19,1991,351345.7002
Redbrick,2.84,2004,289027.3305
Redbrick,2.16,1993,342686.8274
Redbrick,2.76,2002,299717.8023
Redbrick,3.98,1999,314880
Redbrick,3.59,2004,289027.3305
Redbrick,3.21,2015,216928
Redbrick,2.49,2013,232435.0157
Redbrick,3.19,2018,189966.2096
Redbrick,1.13,2005,283481.4347
Redbrick,3.01,2004,289027.3305
Redbrick,2.62,2019,179513.6653
Redbrick,2.95,2011,246585.4793
Redbrick,2.92,2004,289027.3305
Redbrick,1.31,2016,208525.0469
Redbrick,2.08,2011,246585.4793
Redbrick,1.8,1995,333743.8316
Redbrick,1.24,1998,319729.5797
Redbrick,4,2019,179513.6653
Redbrick,2.95,2010,253251.4122
Redbrick,3.38,2011,246585.4793
Redbrick,1.28,2014,224875.7107
Redbrick,1.74,2019,179513.6653
Redbrick,3.66,2019,179513.6653
Redbrick,1.62,2001,304880.6447
Redbrick,1.91,2002,299717.8023
Redbrick,1.76,2018,189966.2096
Redbrick,2.31,2022,139262.5234
Redbrick,1.47,1994,338252.5998
Redbrick,3.87,1993,342686.8274
Redbrick,1.12,1998,319729.5797
Redbrick,2.38,2003,294436.2272
Redbrick,2.68,2011,246585.4793
Redbrick,2.18,2006,277787.5703
Redbrick,3.54,2003,294436.2272
Redbrick,1.57,2010,253251.4122
Redbrick,2.88,1991,351345.7002
Redbrick,1.99,2015,216928
Redbrick,2.32,1996,329156.6324
Redbrick,1.61,2016,208525.0469
Redbrick,2.44,1996,329156.6324
Redbrick,1.38,2018,189966.2096
Redbrick,1.97,1994,338252.5998
Redbrick,2.1,2017,199578.3162
Redbrick,2.63,1995,333743.8316
Redbrick,1.8,2005,283481.4347
Redbrick,1.65,2006,277787.5703
Redbrick,1.74,1998,319729.5797
Redbrick,1.59,1991,351345.7002
Redbrick,3.68,2021,154828.9204
Redbrick,2.33,2018,189966.2096
Redbrick,2.58,1995,333743.8316
Redbrick,1.54,2019,179513.6653
Redbrick,1.87,1999,314880
Redbrick,2.3,2004,289027.3305
Redbrick,3.68,2020,167952
Redbrick,2.65,2021,154828.9204
Redbrick,3.14,2019,179513.6653
Tuts,3.11,2022,85933.86667
Tuts,3.97,2019,109834.6667
Tuts,3.7,2016,133735.4667
Tuts,2.59,2022,85933.86667
Tuts,1.97,1999,269173.3333
Tuts,2.11,1994,309008
Tuts,3.51,2001,253239.4667
Tuts,2.23,1993,316974.9333
Tuts,2.9,1997,285107.2
Tuts,2.98,1994,309008
Tuts,2.82,2017,125768.5333
Tuts,3.12,2019,109834.6667
Tuts,3.71,2010,181537.0667
Tuts,2.86,2019,109834.6667
Tuts,3.5,2007,205437.8667
Tuts,1.21,2012,165603.2
Tuts,1.05,2019,109834.6667
Tuts,3.44,2000,261206.4
Tuts,1.96,2004,229338.6667
Tuts,3.95,2013,157636.2667
Tuts,3.8,1996,293074.1333
Tuts,2.17,2019,109834.6667
Tuts,3.09,1996,293074.1333
Tuts,3.81,2012,165603.2
Tuts,2.54,2017,125768.5333
Tuts,2.08,2010,181537.0667
Tuts,2.6,2018,117801.6
Tuts,1.42,2001,253239.4667
Tuts,1.45,2015,141702.4
Tuts,3.66,2011,173570.1333
Tuts,1.2,2002,245272.5333
Tuts,2.43,2012,165603.2
Tuts,3.87,1995,301041.0667
Tuts,2.79,2019,109834.6667
Tuts,2.77,2000,261206.4
Tuts,2.99,2012,165603.2
Tuts,3.06,2021,93900.8
Tuts,3,2007,205437.8667
Tuts,1.69,1996,293074.1333
Tuts,1.65,2010,181537.0667
Tuts,2.86,2000,261206.4
Tuts,1.15,1995,301041.0667
Tuts,3.84,1993,316974.9333
Tuts,3.24,2007,205437.8667
Tuts,1.88,1995,301041.0667
Tuts,1.67,2012,165603.2
Tuts,3.13,2022,85933.86667
Tuts,3.88,2011,173570.1333
Tuts,3.71,2000,261206.4
Tuts,1.73,2016,133735.4667
Tuts,3,2004,229338.6667
Tuts,2.51,2018,117801.6
Tuts,2.64,2017,125768.5333
Tuts,2.57,2001,253239.4667
Tuts,1.75,2022,85933.86667
Tuts,2.25,2002,245272.5333
Tuts,2.49,1990,340875.7333
Tuts,3.22,2001,253239.4667
Tuts,3.08,2015,141702.4
Tuts,2.18,2004,229338.6667
Tuts,1.2,2001,253239.4667
Tuts,2.25,2012,165603.2
Tuts,3.45,1998,277140.2667
Tuts,2.58,2016,133735.4667
Tuts,1.1,2007,205437.8667
Tuts,3.67,2019,109834.6667
Tuts,3.66,2011,173570.1333
Tuts,1.1,1991,332908.8
Tuts,1.7,2006,213404.8
Tuts,2.67,2001,253239.4667
Tuts,2.17,2002,245272.5333
Tuts,3.62,2008,197470.9333
Tuts,1.88,2004,229338.6667
Tuts,2.79,1998,277140.2667
Tuts,1.77,2018,117801.6
Tuts,2.94,1990,340875.7333
Tuts,1.85,2016,133735.4667
Tuts,1.94,1999,269173.3333
Tuts,3.18,2022,85933.86667
Tuts,1.71,2005,221371.7333
Tuts,1.72,2006,213404.8
Tuts,2.73,2013,157636.2667
Tuts,3.67,1991,332908.8
Tuts,2.09,2002,245272.5333
Tuts,3.67,2007,205437.8667
Tuts,1.12,2022,85933.86667
Tuts,2.19,1992,324941.8667
Tuts,1.1,1991,332908.8
Tuts,1.74,2010,181537.0667
Tuts,1.36,2007,205437.8667
Tuts,3,2014,149669.3333
Tuts,1.8,1994,309008
Tuts,1.23,1998,277140.2667
Tuts,2.5,2005,221371.7333
Tuts,1.36,1993,316974.9333
Tuts,2.77,2010,181537.0667
Tuts,1.09,2002,245272.5333
Tuts,1.61,2006,213404.8
Tuts,1.5,1991,332908.8
Tuts,1.49,2006,213404.8
Tuts,3.99,2017,125768.5333
Tuts,2.29,1992,324941.8667
Tuts,3.65,2005,221371.7333
Tuts,2.71,1992,324941.8667
Tuts,3.79,2002,245272.5333
Tuts,2.4,2003,237305.6
Tuts,3.12,2012,165603.2
Tuts,2.16,2019,109834.6667
Tuts,3.97,1998,277140.2667
Tuts,3.88,1991,332908.8
Tuts,2.14,1998,277140.2667
Tuts,1.73,1990,340875.7333
Tuts,3.77,2022,85933.86667
Tuts,1.53,1990,340875.7333
Tuts,1.53,2018,117801.6
Tuts,3.17,2005,221371.7333
Tuts,1.49,2017,125768.5333
Tuts,2.12,2006,213404.8
Tuts,2.35,1992,324941.8667
Tuts,1.27,2018,117801.6
Tuts,2.45,2003,237305.6
Tuts,3.01,2022,85933.86667
Tuts,1.61,2002,245272.5333
Tuts,2.85,2011,173570.1333
Tuts,3.65,2017,125768.5333
Tuts,1.53,2001,253239.4667
Tuts,3.43,2007,205437.8667
Tuts,1.8,1990,340875.7333
Tuts,1.09,2021,93900.8
Tuts,2.28,2003,237305.6
Tuts,1.8,2016,133735.4667
Tuts,2.73,2003,237305.6
Tuts,2.73,2020,101867.7333
Tuts,2.46,2006,213404.8
Tuts,3.08,1995,301041.0667
Tuts,2.77,1994,309008
Tuts,2.29,1998,277140.2667
Tuts,3.18,2022,85933.86667
Tuts,1.2,2000,261206.4
Tuts,3.74,1999,269173.3333
Tuts,1.48,2000,261206.4
Tuts,1.02,2010,181537.0667
Tuts,3.55,1990,340875.7333
Tuts,2.69,2001,253239.4667
Tuts,2.42,2017,125768.5333
Tuts,2.94,1990,340875.7333
Tuts,2.84,2005,221371.7333
Tuts,1.77,2004,229338.6667
Tuts,2,2016,133735.4667
Tuts,3.18,1994,309008
Tuts,3.24,2013,157636.2667
Tuts,2.78,2016,133735.4667
Tuts,1.91,1995,301041.0667
Tuts,3.5,1996,293074.1333
Tuts,2.7,1998,277140.2667
Tuts,3.89,2002,245272.5333
Tuts,1.63,2014,149669.3333
Tuts,1.94,2013,157636.2667
Tuts,1.05,2023,77966.93333
Tuts,1.05,2013,157636.2667
Tuts,3.01,2003,237305.6
Tuts,3.97,2014,149669.3333
Tuts,2.76,1994,309008
Tuts,1.22,2002,245272.5333
Tuts,2.07,2010,181537.0667
Tuts,1.05,2013,157636.2667
Tuts,1.87,2020,101867.7333
Tuts,1.13,1995,301041.0667
Tuts,3.9,2003,237305.6
Tuts,2.59,1997,285107.2
Tuts,2.07,2013,157636.2667
Tuts,2.63,2022,85933.86667
Tuts,1.18,1993,316974.9333
Tuts,2.19,2019,109834.6667
Tuts,1.2,2015,141702.4
Tuts,2.31,2015,141702.4
Tuts,2.1,1998,277140.2667
Tuts,3.46,2011,173570.1333
Tuts,3.97,1994,309008
Tuts,1.31,2004,229338.6667
Tuts,1.33,2001,253239.4667
Tuts,3.59,2003,237305.6
Tuts,3.57,2011,173570.1333
Tuts,2.44,2003,237305.6
Tuts,1.77,2002,245272.5333
Tuts,3.56,2004,229338.6667
Tuts,3.28,1998,277140.2667
Tuts,2.05,2009,189504
Tuts,2.71,2013,157636.2667
Tuts,3.73,1990,340875.7333
Tuts,2.27,2023,77966.93333
Tuts,2.32,2001,253239.4667
Tuts,2.95,2023,77966.93333
Tuts,2.78,2000,261206.4
Tuts,3.73,1999,269173.3333
Tuts,3.15,2005,221371.7333
Tuts,3.59,1996,293074.1333
Tuts,3.66,2005,221371.7333
Tuts,1.45,1990,340875.7333
Tuts,2.94,2020,101867.7333
Tuts,2.85,2010,181537.0667
Tuts,3.82,1993,316974.9333
Tuts,2.14,2018,117801.6
Tuts,1.08,1996,293074.1333
Tuts,1.68,2021,93900.8
Tuts,1.89,2012,165603.2
Tuts,2.99,2015,141702.4
Tuts,1.75,1999,269173.3333
Tuts,1.6,2013,157636.2667
Tuts,1.49,2014,149669.3333
Tuts,3.62,2012,165603.2
Tuts,1.98,1995,301041.0667
Tuts,2.04,1990,340875.7333
Tuts,3.12,2022,85933.86667
Tuts,3.3,2016,133735.4667
Tuts,2.82,1998,277140.2667
Tuts,3.1,2017,125768.5333
Tuts,2.77,2003,237305.6
Tuts,3.5,2023,77966.93333
Tuts,2.39,1994,309008
Tuts,3.92,2006,213404.8
Tuts,1.52,2001,253239.4667
Tuts,2.4,2009,189504
Tuts,3.71,2017,125768.5333
Tuts,2.78,1995,301041.0667
Tuts,2.09,2011,173570.1333
Tuts,1.22,1992,324941.8667
Tuts,3.2,2012,165603.2
Tuts,2.27,1991,332908.8
Tuts,2.29,1993,316974.9333
Tuts,3.41,1992,324941.8667
Tuts,3.64,1993,316974.9333
Tuts,1.79,2011,173570.1333
Tuts,3.12,2019,109834.6667
Tuts,1.33,2011,173570.1333
Tuts,2,2013,157636.2667
Tuts,2.64,2000,261206.4
Tuts,3.42,2000,261206.4
Tuts,3.87,1990,340875.7333
Tuts,3.83,2002,245272.5333
Tuts,1.89,1999,269173.3333
Tuts,2.51,2008,197470.9333
Tuts,3.94,2020,101867.7333
Tuts,3.69,1992,324941.8667
Tuts,1.71,2018,117801.6
Tuts,2.89,2009,189504
Tuts,2.08,2002,245272.5333
Tuts,2.73,1999,269173.3333
Tuts,3.15,2006,213404.8
Tuts,3.28,1998,277140.2667
Tuts,1.86,1997,285107.2
Tuts,1.66,2014,149669.3333
Tuts,3.24,2002,245272.5333
Tuts,3.59,2009,189504
Tuts,1.27,2014,149669.3333
Tuts,1.43,2010,181537.0667
Tuts,1.04,1993,316974.9333
Tuts,3.37,1998,277140.2667
Tuts,2.56,2005,221371.7333
Tuts,3.46,2000,261206.4
Tuts,2.78,2016,133735.4667
Tuts,2.81,2004,229338.6667
Tuts,3.31,2017,125768.5333
Tuts,2.7,2021,93900.8
Tuts,3.42,2008,197470.9333
Tuts,1.17,1992,324941.8667
Tuts,1.83,2015,141702.4
Tuts,3.46,2003,237305.6
Tuts,2.37,2009,189504
Tuts,3.85,2008,197470.9333
Tuts,2.42,1992,324941.8667
Tuts,3.43,2015,141702.4
Tuts,1.03,2000,261206.4
Tuts,2,1995,301041.0667
Tuts,3.7,1992,324941.8667
Tuts,2.03,2011,173570.1333
Tuts,1.85,1997,285107.2
Tuts,3.59,2015,141702.4
Tuts,3.32,2005,221371.7333
Tuts,3.22,2002,245272.5333
Tuts,3.15,2009,189504
Tuts,1.54,1991,332908.8
Tuts,1.79,2019,109834.6667
Tuts,1.08,2011,173570.1333
Tuts,3.42,2020,101867.7333
Tuts,3.33,2000,261206.4
Tuts,3.27,1990,340875.7333
Tuts,3.57,2001,253239.4667
Tuts,1.12,1999,269173.3333
Tuts,2.19,2008,197470.9333
Tuts,1.86,1999,269173.3333
Tuts,3.64,2004,229338.6667
Tuts,3.91,2011,173570.1333
Tuts,1.64,2013,157636.2667
Tuts,3.49,2021,93900.8
Tuts,3.29,2003,237305.6
Tuts,2.69,2016,133735.4667
Tuts,1.6,1997,285107.2
Tuts,2.11,2000,261206.4
Tuts,1.87,2011,173570.1333
Tuts,3.44,1992,324941.8667
Tuts,3.92,2010,181537.0667
Tuts,3,2000,261206.4
Tuts,3.96,2009,189504
Tuts,1.53,2021,93900.8
Tuts,2.92,2008,197470.9333
Tuts,1.11,2006,213404.8
Tuts,3.31,1999,269173.3333
Tuts,3.7,2000,261206.4
Tuts,1.97,2004,229338.6667
Tuts,3.35,1993,316974.9333
Tuts,3.84,2001,253239.4667
Tuts,1.15,2006,213404.8
Tuts,1.78,2000,261206.4
Tuts,3.17,2002,245272.5333
Tuts,1.51,2003,237305.6
Tuts,1.1,1998,277140.2667
Tuts,1.58,2014,149669.3333
Tuts,3.44,2020,101867.7333
Tuts,3.26,2009,189504
Tuts,3.54,2014,149669.3333
Tuts,2.97,2001,253239.4667
Tuts,2.5,1998,277140.2667
Tuts,1.54,2005,221371.7333
Tuts,1.67,2010,181537.0667
Tuts,1.98,2015,141702.4
Tuts,2.57,2023,77966.93333
Tuts,2.82,2005,221371.7333
Tuts,1.78,1991,332908.8
Tuts,2.75,2001,253239.4667
Tuts,3.15,2022,85933.86667
Tuts,1.67,1991,332908.8
Tuts,3.27,2022,85933.86667
Tuts,3.2,2000,261206.4
Tuts,2.32,1992,324941.8667
Tuts,2.65,2021,93900.8
Tuts,2.93,2015,141702.4
Tuts,3.48,2003,237305.6
Tuts,2.57,2015,141702.4
Tuts,3.58,2022,85933.86667
